REGIAO;UF;ESTACAO;CODIGO;LATITUDE;LONGITUDE;ALTITUDE
CO;DF;BRASILIA;A001;-15.78944444;-47.92583332;1159.54
NE;BA;SALVADOR;A401;-13.01666666;-38.51666666;51.41
N;AM;MANAUS;A101;-3.10333333;-60.01638888;61.25
SE;RJ;ECOLOGIA AGRICOLA;A601;-22.8;-43.68333333;33.0
S;RS;PORTO ALEGRE;A801;-30.05;-51.16666666;46.97
CO;GO;GOIANIA;A002;-16.64277777;-49.21999999;770.0
CO;GO;MORRINHOS;A003;-17.71666667;-49.1;771.42
CO;MS;CAMPO GRANDE;A702;-20.45;-54.6;530.0
CO;MS;PONTA PORA;A703;-22.5525;-55.71638888;675.0
CO;MS;TRES LAGOAS;A704;-20.78999999;-51.71222222;313.0
NE;BA;BARREIRAS;A402;-12.15;-45.01666666;470.37
SE;SP;BAURU;A705;-22.35805555;-49.02888888;666.0
S;RS;RIO GRANDE;A802;-32.03333333;-52.1;2.46
S;RS;SANTA MARIA;A803;-29.70833333;-53.70361111;95.0
S;RS;SANTANA DO LIVRAMENTO;A804;-30.84249999;-55.61277777;196.0
S;RS;SANTO AUGUSTO;A805;-27.85416666;-53.7911111;490.0
CO;MT;CUIABA;A901;-15.55916666;-56.72944443;240.0
CO;MT;TANGARA DA SERRA;A902;-14.65;-57.41666666;321.5
CO;MT;SORRISO;A904;-12.55;-55.71666666;380.0
CO;MT;CAMPO NOVO DOS PARECIS;A905;-13.78333333;-57.83333333;570.0
NE;BA;LUIZ EDUARDO MAGALHAES;A404;-12.15222222;-45.82972221;754.04
NE;BA;CARAVELAS;A405;-17.73333333;-39.26666666;2.88
SE;MG;BARBACENA;A502;-21.22888888;-43.76694443;1155.0
SE;MG;ARAXA;A505;-19.60555555;-46.94944444;1020.0
SE;MG;MONTES CLAROS;A506;-16.71666666;-43.86666666;646.29
SE;MG;UBERLANDIA;A507;-18.91722221;-48.25555555;869.0
SE;MG;ALMENARA;A508;-16.16666666;-40.68777777;194.0
SE;RJ;MARAMBAIA;A602;-23.05;-43.6;9.7
SE;RJ;XEREM;A603;-22.58972221;-43.28222221;33.0
SE;RJ;CAMBUCI;A604;-21.56666666;-41.95;35.0
SE;SP;CAMPOS DO JORDAO;A706;-22.75027777;-45.60388888;1642.0
SE;SP;FRANCA;A708;-20.57999999;-47.37999999;1026.0
CO;MT;GUARANTA DO NORTE;A906;-9.95;-54.88333333;320.0
CO;MS;IVINHEMA;A709;-22.30666666;-53.82722221;373.8
CO;MT;S.J. DO RIO CLARO;A903;-13.45;-56.66666666;350.0
CO;MT;RONDONOPOLIS;A907;-16.45;-54.56666666;284.0
NE;AL;MACEIO;A303;-9.55111111;-35.77027777;80.0
NE;BA;CRUZ DAS ALMAS;A406;-12.65;-39.15;225.87
NE;BA;ITIRUCU;A407;-13.52833332;-40.11972221;755.61
NE;BA;ILHEUS;A410;-14.65944444;-39.1811111;78.0
NE;BA;MACAJUBA;A412;-12.11666666;-40.18333333;380.0
NE;CE;FORTALEZA;A305;-3.83222221;-38.53777777;26.45
NE;CE;SOBRAL;A306;-3.73166666;-40.34555555;109.62
NE;MA;SAO LUIS;A203;-2.52694443;-44.21305555;56.0
NE;PE;PETROLINA;A307;-9.38805555;-40.48944444;370.46
NE;PI;PARNAIBA;A308;-3.08638888;-41.78333333;79.5
NE;RN;ARQ.SAO PEDRO E SAO PAULO;A302;0.9;-29.31666666;15.0
NE;RN;NATAL;A304;-5.9;-35.2;48.6
NE;SE;ARACAJU;A409;-10.95027777;-37.05;4.72
NE;BA;ITABERABA;A408;-12.51666666;-40.3;249.89
N;PA;BELEM;A201;-1.41027777;-48.43833333;24.0
N;PA;CASTANHAL;A202;-1.30083333;-47.93083332;65.0
SE;SP;PRESIDENTE PRUDENTE;A707;-22.11999999;-51.4;435.55
S;PR;CURITIBA;A807;-25.43333333;-49.26666666;923.5
S;SC;FLORIANOPOLIS;A806;-27.6025;-48.61999999;1.8
NE;PB;AREIA;A310;-6.97499999;-35.68499999;574.62
NE;PE;RECIFE;A301;-8.05916666;-34.95944444;10.0
NE;PE;ARCO VERDE;A309;-8.41694443;-37.08333333;680.7
NE;PI;FLORIANO;A311;-6.76666666;-43.01666666;123.27
NE;PI;TERESINA;A312;-5.07388888;-42.80694444;74.36
N;TO;PALMAS;A009;-10.18333333;-48.3;280.0
SE;MG;MONTE VERDE;A509;-22.86138888;-46.04333333;1500.0
N;TO;PARANA;A010;-12.615;-47.87194443;280.0
SE;MG;VICOSA;A510;-20.76277777;-42.86388888;712.2
CO;GO;SAO SIMAO;A011;-18.96666666;-50.61666666;488.51
CO;GO;LUZIANIA;A012;-16.27222222;-47.96638889;959.5
CO;MS;PARANAIBA;A710;-19.69527777;-51.18138888;424.0
CO;MS;AQUIDAUANA;A719;-20.47555554;-55.78388888;155.0
CO;MS;COXIM;A720;-18.51222222;-54.73583333;252.0
CO;MS;DOURADOS;A721;-22.19388888;-54.91138888;469.0
CO;MS;MIRANDA;A722;-20.38333333;-56.41666666;140.0
CO;MS;PORTO MURTINHO;A723;-21.70583333;-57.88666666;85.0
CO;MS;CORUMBA;A724;-18.99666666;-57.63749999;126.0
CO;MS;CHAPADAO DO SUL;A730;-18.80222222;-52.60277777;818.0
CO;MS;MARACAJU;A731;-21.60916666;-55.17777777;400.0
CO;MS;SAO GABRIEL DO OESTE;A732;-19.42027777;-54.55305555;647.0
CO;MT;AGUA BOA;A908;-14.01611111;-52.21222222;432.0
CO;MT;APIACAS;A910;-9.56388888;-57.3936111;220.0
CO;MT;CAMPO VERDE;A912;-15.52749999;-55.13555555;749.0
CO;MT;COMODORO;A913;-13.70861111;-59.76277777;591.0
CO;MT;JUARA;A914;-11.28027777;-57.52666666;260.0
CO;MS;NHUMIRIM;A717;-18.98888888;-56.62305554;91.0
CO;MT;PARANATINGA;A915;-14.42138888;-54.03527777;474.0
N;TO;PEIXE;A018;-12.01666666;-48.55;242.0
SE;MG;CONCEICAO DAS ALAGOAS;A520;-19.98583333;-48.15138888;568.0
SE;RJ;PARATI;A619;-23.22333332;-44.72666666;5.0
SE;SP;OURINHOS;A716;-22.9486111;-49.89416666;448.0
S;PR;JOAQUIM TAVORA;A821;-23.50527777;-49.94638888;522.0
S;RS;URUGUAIANA;A809;-29.84249999;-57.08249999;62.31
CO;MT;SINOP;A917;-11.98222221;-55.56583333;371.0
CO;MT;JUINA;A920;-11.36694443;-58.73305554;220.0
CO;MT;VILA BELA DA SANTISSIMA TRINDADE;A922;-15.06277777;-59.87277777;222.0
NE;PB;CAMPINA GRANDE;A313;-7.24249999;-35.88888888;547.56
N;TO;GURUPI;A019;-11.74583333;-49.04972221;287.0
SE;ES;VITORIA;A612;-20.26666666;-40.3;9.0
SE;ES;LINHARES;A614;-19.35694444;-40.0686111;40.0
SE;ES;ALFREDO CHAVES;A615;-20.63638888;-40.74138888;35.0
SE;ES;SAO MATEUS;A616;-18.71388888;-39.84833333;39.0
SE;ES;ALEGRE;A617;-20.75055555;-41.48888888;138.0
SE;MG;TIMOTEO;A511;-19.5736111;-42.62222221;333.0
SE;MG;ITUIUTABA;A512;-18.95277777;-49.52499999;560.0
SE;MG;OURO BRANCO;A513;-20.54583333;-43.76944443;1061.0
SE;MG;SAO JOAO DEL REI;A514;-21.22638888;-44.97944443;991.0
SE;MG;VARGINHA;A515;-21.56638888;-45.40416666;955.0
SE;MG;PASSOS;A516;-20.74499999;-46.63388888;784.0
SE;MG;MURIAE;A517;-21.10472222;-42.37583332;297.0
SE;MG;CAMPINA VERDE;A519;-19.53916666;-49.51805554;555.2
SE;MG;PAMPULHA;A521;-19.88416666;-43.96944443;869.0
SE;MG;SERRA DOS AIMORES;A522;-17.7986111;-40.24972221;208.0
SE;MG;PATROCINIO;A523;-18.99638888;-46.98583333;976.0
SE;MG;FORMIGA;A524;-20.45472222;-45.45388888;873.0
SE;MG;SACRAMENTO;A525;-19.87527777;-47.43416666;912.0
SE;MG;TEOFILO OTONI;A527;-17.9;-41.51666666;475.0
SE;MG;TRES MARIAS;A528;-18.20055555;-45.45972222;921.0
SE;MG;CALDAS;A530;-21.91805554;-46.38305554;1150.0
SE;MG;MARIA DA FE;A531;-22.31444444;-45.37277777;1276.33
SE;MG;CURVELO;A538;-18.76444444;-44.45361111;670.0
SE;RJ;ARRAIAL DO CABO;A606;-22.98333333;-42.01666666;4.0
SE;RJ;CAMPOS;A607;-21.71666666;-41.35;25.0
SE;RJ;MACAE;A608;-22.38333333;-41.81666667;32.0
SE;RJ;RESENDE;A609;-22.45;-44.45;439.89
SE;RJ;PICO DO COUTO;A610;-22.48166666;-43.29138888;1777.0
SE;RJ;VALENCA;A611;-22.35;-43.7;367.0
SE;RJ;TERESOPOLIS;A618;-22.44888888;-42.98722221;980.0
SE;SP;SAO PAULO - MIRANTE;A701;-23.48333333;-46.61666666;792.06
SE;SP;SAO CARLOS;A711;-21.97972221;-47.88333333;863.0
SE;SP;IGUAPE;A712;-24.71666666;-47.55;2.66
SE;SP;SOROCABA;A713;-23.35;-47.66666666;609.0
SE;SP;ITAPEVA;A714;-23.98138888;-48.88527777;745.0
SE;SP;SAO MIGUEL ARCANJO;A715;-23.85138888;-48.16444444;678.0
SE;SP;RANCHARIA;A718;-22.37249999;-50.97416666;398.0
SE;SP;AVARE;A725;-23.09972221;-48.94555555;775.0
SE;SP;PIRACICABA;A726;-22.70277777;-47.62305554;573.0
SE;SP;LINS;A727;-21.66527777;-49.73416666;450.0
SE;SP;TAUBATE;A728;-23.04194444;-45.52027777;571.0
SE;SP;VOTUPORANGA;A729;-20.40305555;-49.96583333;465.0
S;PR;IVAI;A818;-25.01333333;-50.8711111;808.0
S;PR;CASTRO;A819;-24.78944444;-49.99972221;1007.76
S;PR;MAL. CANDIDO RONDON;A820;-24.53583333;-54.01972221;392.0
S;PR;NOVA TEBAS;A822;-24.43722221;-51.96305555;654.0
S;PR;INACIO MARTINS;A823;-25.56583333;-51.08944444;1260.0
S;PR;ICARAIMA;A824;-23.39027777;-53.63472221;385.0
S;PR;MARINGA;A835;-23.40777777;-51.91666666;542.0
S;RS;TORRES;A808;-29.35027777;-49.73305554;4.66
S;RS;SANTA ROSA;A810;-27.89305555;-54.48055554;276.0
S;RS;CACAPAVA DO SUL;A812;-30.54777777;-53.46749999;420.0
S;RS;RIO PARDO;A813;-29.87333332;-52.38249999;111.0
S;RS;ALEGRETE;A826;-29.71166666;-55.5261111;121.0
S;RS;ERECHIM;A828;-27.66027777;-52.30638888;765.0
S;RS;SAO JOSE DOS AUSENTES;A829;-28.75138888;-50.05833333;1244.0
S;RS;CAMAQUA;A838;-30.81055555;-51.83472221;90.66
S;RS;PASSO FUNDO;A839;-28.22944443;-52.40388888;684.05
S;RS;BENTO GONCALVES;A840;-29.16722221;-51.53472221;640.0
S;SC;INDAIAL;A817;-26.91361111;-49.26749999;86.13
NE;RN;MOSSORO;A318;-4.90388888;-37.36694443;36.0
CO;GO;ARAGARCAS;A013;-15.90583333;-52.24388888;347.0
CO;GO;GOIAS;A014;-15.93916666;-50.14138888;512.0
CO;GO;ITAPACI;A015;-14.98027777;-49.53944444;522.0
CO;GO;JATAI;A016;-17.92388888;-51.71777777;582.0
CO;GO;POSSE;A017;-14.08916666;-46.36638888;834.0
CO;GO;CAIAPONIA;A023;-16.96666666;-51.81749999;737.0
CO;GO;ALTO PARAISO DE GOIAS;A024;-14.13305554;-47.52305554;1260.0
CO;GO;RIO VERDE;A025;-17.78583333;-50.98138888;782.0
CO;GO;MINEIROS;A026;-17.45472222;-52.60111111;862.0
CO;GO;MONTE ALEGRE DE GOIAS;A032;-13.24805555;-46.88972221;1253.0
CO;GO;PIRES DO RIO;A033;-17.30416666;-48.28416666;752.0
CO;GO;ITUMBIARA;A035;-18.40972222;-49.19194444;488.0
CO;GO;CRISTALINA;A036;-16.78805555;-47.61166666;1202.0
CO;GO;GOIANESIA;A022;-15.22027777;-48.99027777;667.0
NE;CE;TAUA;A324;-6.01666666;-40.28166666;415.0
NE;PB;SAO GONCALO;A333;-6.75666666;-38.22749999;233.06
NE;PI;BOM JESUS DO PIAUI;A326;-9.08333333;-44.31666666;415.0
CO;MT;QUERENCIA;A916;-12.5986111;-52.19444444;339.0
CO;MT;COTRIGUACU;A919;-9.90611111;-58.57194443;261.0
CO;MT;SAO FELIX  DO ARAGUAIA;A921;-11.61888888;-50.72777777;218.0
CO;MT;ALTA FLORESTA;A924;-9.84944444;-56.1;289.0
NE;AL;PAO DE ACUCAR;A323;-9.76583333;-37.44777777;19.0
NE;AL;PALMEIRA DOS INDIOS;A327;-9.42055554;-36.62027777;275.0
NE;BA;FEIRA DE SANTANA;A413;-12.19583333;-38.96722221;231.0
NE;BA;VITORIA DA CONQUISTA;A414;-14.8861111;-40.80138888;874.81
NE;BA;SANTA RITA DE CASSIA;A415;-11.01999999;-44.52499999;450.0
NE;BA;CORRENTINA;A416;-13.33222221;-44.61722221;549.0
NE;BA;BOM JESUS DA LAPA;A418;-13.41666666;-43.18416666;440.0
NE;CE;GUARAMIRANGA;A314;-4.26111111;-38.19749999;38.2
NE;CE;BARBALHA;A315;-7.31805554;-39.30166666;409.0
NE;CE;IGUATU;A319;-6.39666666;-39.27027777;233.0
NE;CE;QUIXERAMOBIM;A325;-5.17305554;-39.28722221;232.0
NE;CE;MORADA NOVA;A332;-5.13638888;-38.35638888;43.6
NE;CE;JAGUARUANA;A339;-4.85333333;-37.77694443;12.0
NE;MA;BALSAS;A204;-7.45527777;-46.02749999;254.0
NE;MA;CAROLINA;A205;-7.33722221;-47.45972222;192.0
NE;PB;JOAO PESSOA;A320;-7.16583333;-34.81527777;47.0
NE;PB;PATOS;A321;-7.07972221;-37.27249999;249.0
NE;PB;MONTEIRO;A334;-7.89138888;-37.11527777;603.66
NE;PE;GARANHUNS;A322;-8.90694444;-36.49472221;822.76
NE;PE;CABROBO;A329;-8.50305555;-39.31388888;337.0
NE;PE;CARUARU;A341;-8.2361111;-35.98583333;550.0
NE;PI;PAULISTANA;A330;-8.07999999;-41.07999999;374.22
NE;PI;SAO JOAO DO PIAUI;A331;-8.36472222;-42.25083333;235.0
NE;PI;PIRIPIRI;A335;-4.26388888;-41.77805554;161.2
NE;PI;ALVORADA DO GURGUEIA;A336;-8.44305555;-43.86472222;270.0
NE;PI;CARACOL;A337;-9.2861111;-43.32444443;523.0
NE;PI;ESPERANTINA;A338;-3.90083333;-42.23694444;65.0
NE;RN;CAICO;A316;-6.45972222;-37.08888888;169.85
NE;RN;MACAU;A317;-5.15111111;-36.57305554;32.0
NE;RN;APODI;A340;-5.62638888;-37.815;150.0
NE;SE;ITABAIANINHA;A417;-11.27249999;-37.79472221;208.0
N;PA;PARAGOMINAS;A212;-3.01027777;-47.34305555;101.0
N;PA;TOME ACU;A213;-2.6;-48.36666666;38.0
N;RO;PORTO VELHO;A925;-8.76388888;-63.47499999;98.0
N;TO;PEDRO AFONSO;A020;-8.9686111;-48.19416666;189.0
N;TO;ARAGUAINA;A021;-7.10416666;-48.20111111;226.0
SE;ES;SANTA TERESA;A613;-19.98833333;-40.57944443;988.0
SE;MG;JUIZ DE FORA;A518;-21.76999999;-43.36416666;950.0
SE;MG;PASSA QUATRO;A529;-22.3961111;-44.96166666;1040.0
SE;MG;GOVERNADOR VALADARES;A532;-18.83027777;-41.97666666;214.0
SE;MG;GUANHAES;A533;-18.78666666;-42.94305555;860.0
SE;MG;AIMORES;A534;-19.53277777;-41.09083333;83.74
SE;MG;DORES DO INDAIA;A536;-19.48166666;-45.59388888;722.0
SE;MG;DIAMANTINA;A537;-18.2311111;-43.64805555;1356.0
SE;MG;MOCAMBINHO;A539;-15.08583333;-44.01611111;460.0
SE;MG;MANTENA;A540;-18.78027777;-40.98583333;213.5
SE;MG;CAPELINHA;A541;-17.70527777;-42.38916666;948.0
SE;MG;UNAI;A542;-16.55388888;-46.88194443;631.0
SE;MG;ESPINOSA;A543;-14.91277777;-42.82972221;569.64
SE;MG;BURITIS;A544;-15.52416666;-46.43555555;894.0
SE;MG;PIRAPORA;A545;-17.25777777;-44.83555555;503.0
SE;MG;GUARDA-MOR;A546;-17.56166666;-47.19944444;616.0
SE;MG;SAO ROMAO;A547;-16.3625;-45.12388888;460.0
SE;MG;CHAPADA GAUCHA;A548;-15.31;-45.61666666;880.0
SE;MG;ITAOBIM;A550;-16.57555554;-41.48527777;266.0
SE;MG;RIO PARDO DE MINAS;A551;-15.72277777;-42.43527777;950.0
SE;MG;SALINAS;A552;-16.16027777;-42.31027777;495.0
SE;MG;JOAO PINHEIRO;A553;-17.78472221;-46.11916666;877.0
SE;MG;CARATINGA;A554;-19.73583333;-42.15361111;615.0
SE;RJ;VILA MILITAR;A621;-22.86083333;-43.41111111;45.0
SE;RJ;FORTE DE COPACABANA;A652;-22.98833333;-43.19027777;42.0
SE;SP;JALES;A733;-20.165;-50.59499999;457.0
SE;SP;VALPARAISO;A734;-21.31916666;-50.93027777;374.0
SE;SP;JOSE BONIFACIO;A735;-21.08555555;-49.92055554;405.0
SE;SP;ARIRANHA;A736;-21.13305554;-48.84027777;525.0
SE;SP;IBITINGA;A737;-21.85555555;-48.66666666;492.0
SE;SP;CASA BRANCA;A738;-21.77972221;-47.07972221;730.0
SE;SP;ITAPIRA;A739;-22.415;-46.80527777;633.0
S;PR;NOVA FATIMA;A842;-23.40694444;-50.57777777;668.0
SE;MG;MONTALVANIA;A526;-15.08583333;-44.01583333;512.0
SE;MG;AGUAS VERMELHAS;A549;-15.75222222;-41.45833333;740.0
SE;SP;SAO LUIS DO PARAITINGA;A740;-23.22833332;-45.41722221;730.0
S;PR;DOIS VIZINHOS;A843;-25.69472221;-53.09444444;520.0
S;RS;CANGUCU;A811;-31.40583333;-52.70111111;462.0
S;PR;ILHA DO MEL;A847;-25.49444444;-48.32583332;1.0
S;PR;PLANALTO;A855;-25.72194443;-53.74805555;398.0
S;RS;BAGE;A827;-31.34777777;-54.01333333;230.0
S;RS;SAO BORJA;A830;-28.64944444;-56.01555555;83.0
S;RS;QUARAI;A831;-30.3686111;-56.43722221;124.0
S;RS;SAO GABRIEL;A832;-30.34138888;-54.31083333;126.0
S;RS;JAGUARAO;A836;-32.53749999;-53.37638888;47.0
S;RS;LAGOA VERMELHA;A844;-28.22194443;-51.51222222;842.58
S;RS;SAO LUIZ GONZAGA;A852;-28.41694443;-54.96222222;245.11
S;RS;CRUZ ALTA;A853;-28.60361111;-53.6736111;432.0
S;RS;FREDERICO WESTPHALEN;A854;-27.39555555;-53.41277777;490.0
S;SC;JOACABA;A841;-27.16944443;-51.57555554;776.0
S;SC;BOM JARDIM DA SERRA - MORRO DA IGREJA;A845;-28.13333333;-49.48333333;1810.0
S;SC;ITAPOA;A851;-26.0811111;-48.64166666;2.0
CO;DF;AGUAS EMENDADAS;A045;-15.59638888;-47.62583332;1200.0
CO;GO;PARAUNA;A027;-16.94583333;-50.42527777;678.0
CO;GO;CATALAO;A034;-18.15777777;-47.92638888;890.0
CO;MS;SIDROLANDIA;A754;-20.98166666;-54.97194443;464.0
CO;MT;BRASNORTE (MUNDO NOVO);A927;-12.87194443;-58.38722221;431.0
NE;BA;IRECE;A424;-11.32888888;-41.86444444;755.0
CO;MS;CASSILANDIA;A742;-19.12249999;-51.72083332;516.0
CO;MS;RIO BRILHANTE;A743;-21.77472221;-54.52805554;329.0
CO;MS;JUTI;A749;-22.85722222;-54.60555555;379.0
CO;MS;AMAMBAI;A750;-23.0025;-55.32944443;431.0
CO;MS;SETE QUEDAS;A751;-23.96694443;-55.02416666;402.0
CO;MS;ITAQUIRAI;A752;-23.44944444;-54.18166666;336.0
CO;MT;CARLINDA;A926;-10.00527777;-55.79055555;306.0
CO;MT;NOVA MARINGA;A928;-13.06555555;-57.15611111;353.0
CO;MT;NOVA UBIRATA;A929;-13.68638888;-54.95611111;518.0
CO;MT;GAUCHA DO NORTE;A930;-13.18472221;-53.2575;379.0
CO;MT;SANTO ANTONIO DO LESTE;A931;-14.92777777;-53.8836111;648.0
CO;MT;GUIRATINGA;A932;-16.34166666;-53.76611111;526.0
CO;MT;ITIQUIRA;A933;-17.29722221;-54.83722221;585.0
CO;MT;ALTO TAQUARI;A934;-17.81555555;-53.28749999;875.0
CO;MT;PORTO ESTRELA;A935;-15.54638888;-57.38166666;145.0
CO;MT;SALTO DO CEU;A936;-15.13583333;-58.115;303.0
CO;MT;PONTES E LACERDA;A937;-15.25111111;-59.34666666;256.0
NE;AL;ARAPIRACA;A353;-9.80416666;-36.61888888;241.0
NE;AL;CORURIPE;A355;-10.14527777;-36.28638888;74.0
NE;AL;SAO LUIS DO QUITUNDE;A356;-9.28749999;-35.56583333;19.0
NE;BA;ABROLHOS;A422;-17.96416666;-38.6961111;25.0
NE;BA;REMANSO;A423;-9.60277777;-42.10277777;401.0
NE;BA;LENCOIS;A425;-12.55722222;-41.38888888;438.74
NE;BA;GUANAMBI;A426;-14.20805555;-42.74944444;882.0
NE;BA;PORTO SEGURO;A427;-16.38916666;-39.18249999;85.0
NE;BA;SENHOR DO BONFIM;A428;-10.44305555;-40.14833333;539.0
NE;BA;BARRA;A429;-11.08472221;-43.13916666;403.0
NE;BA;PIATA;A430;-13.15583333;-41.77416666;1290.0
NE;BA;CONDE;A431;-11.8;-37.59972221;31.9
NE;BA;BURITIRAMA;A432;-10.72305554;-43.65111111;506.5
NE;BA;BRUMADO;A433;-14.18166666;-41.67222221;470.0
NE;BA;AMARGOSA;A434;-13.00944444;-39.61694443;407.0
NE;BA;QUEIMADAS;A436;-10.98472221;-39.61694443;315.0
NE;BA;UNA;A437;-15.27999999;-39.0911111;74.0
NE;BA;MARAU;A438;-13.90722222;-38.97222221;10.0
NE;BA;IBOTIRAMA;A439;-12.19249999;-43.2125;430.0
NE;BA;JACOBINA;A440;-11.205;-40.465;453.0
NE;BA;SERRINHA;A441;-11.66444444;-39.02305554;339.0
NE;BA;EUCLIDES DA CUNHA;A442;-10.53722221;-38.99666666;430.0
NE;BA;DELFINO;A443;-10.455;-41.20722222;637.0
NE;CE;CRATEUS;A342;-5.1861111;-40.66999999;291.0
NE;CE;CAMPOS SALES;A347;-7.07805554;-40.36305555;572.0
NE;CE;JAGUARIBE;A358;-5.90527777;-38.62777777;184.0
NE;CE;ITAPIPOCA;A359;-3.48388888;-39.58833333;102.0
NE;MA;CHAPADINHA;A206;-3.74277777;-43.35194444;91.0
NE;MA;GRAJAU;A207;-5.82472221;-46.15944444;230.0
NE;MA;FAROL de SANTANA;A217;-2.27083332;-43.62388888;8.0
NE;MA;PREGUICAS;A218;-2.59249999;-42.70722222;0.1
NE;MA;TURIACU;A219;-1.66166666;-45.37277777;41.0
NE;MA;BACABAL;A220;-4.24305555;-44.79499999;28.0
NE;MA;BARRA DO CORDA;A221;-5.50666666;-45.23694444;153.0
NE;MA;COLINAS;A222;-6.03333333;-44.23333333;179.0
NE;MA;ESTREITO;A224;-6.65333333;-47.41833332;180.0
NE;MA;IMPERATRIZ;A225;-5.55555555;-47.45972222;126.0
NE;MA;CAXIAS;A237;-4.82138888;-43.3436111;76.0
NE;MA;BURITICUPU;A238;-4.32055554;-46.44972221;175.0
NE;PB;CAMARATUBA;A352;-6.56083333;-35.13472221;136.0
NE;PE;SURUBIM;A328;-7.83694444;-35.7961111;418.0
NE;PE;IBIMIRIM;A349;-8.50944444;-37.71138888;448.0
NE;PE;SERRA TALHADA;A350;-7.95361111;-38.29472221;461.0
NE;PE;PALMARES;A357;-8.66638888;-35.56805554;180.0
NE;PI;PICOS;A343;-7.07083332;-41.40416666;233.0
NE;PI;SAO RAIMUNDO NONATO;A345;-9.03305554;-42.70055555;402.0
NE;PI;URUCUI;A346;-7.47472221;-44.34472221;393.0
NE;PI;OEIRAS;A354;-6.97416666;-42.14694444;156.0
NE;SE;POCO VERDE;A419;-10.73749999;-38.10777777;362.0
NE;SE;CARIRA;A420;-10.39944444;-37.74722221;308.0
NE;SE;BREJO GRANDE;A421;-10.47944443;-36.48194443;6.11
N;AC;PARQUE ESTADUAL CHANDLESS;A102;-9.3575;-69.92722221;187.0
N;AC;RIO BRANCO;A104;-9.95777777;-68.165;220.0
N;AM;BOCA DO ACRE;A110;-8.77666666;-67.33222221;111.0
N;AM;LABREA;A111;-7.43527777;-64.7886111;64.0
N;AM;APUI;A113;-7.21527777;-59.8886111;160.0
N;AM;COARI;A117;-4.09749999;-63.14527777;53.0
N;AM;MANACAPURU;A119;-3.29472221;-60.62833332;55.0
N;AM;AUTAZES;A120;-2.05638888;-60.02555554;78.0
N;AM;ITACOATIARA;A121;-3.13305554;-58.48277777;74.0
N;AM;MAUES;A122;-3.39888888;-57.6736111;35.0
N;AM;PARINTINS;A123;-2.64055555;-56.75472222;52.0
N;AM;URUCARA;A124;-2.89638888;-57.75833333;17.0
N;AM;RIO URUBU;A125;-2.7211111;-59.94333333;59.0
N;AM;PRESIDENTE FIGUEIREDO;A126;-2.08499999;-60.04888888;92.0
N;AP;OIAPOQUE;A242;3.81361111;-51.8625;21.0
N;PA;MEDICILANDIA;A209;-3.51083333;-52.96361111;251.0
N;PA;PACAJA;A210;-3.8436111;-50.63805555;108.0
N;PA;PLACAS;A211;-3.8811111;-54.2461111;96.0
N;PA;RONDON DO PARA;A214;-4.82749999;-48.17333332;203.0
N;PA;SALINOPOLIS;A215;-0.6186111;-47.35666666;41.0
N;PA;SOURE;A227;-0.81111111;-48.51583333;11.0
N;PA;TUCURUI;A229;-3.82277777;-49.67499999;148.0
N;PA;SERRA DOS CARAJAS;A230;-6.07749999;-50.14222221;719.0
N;PA;ITAITUBA;A231;-4.27638888;-55.99305555;13.0
N;PA;SANTANA DO ARAGUAIA;A233;-9.3386111;-50.35027777;168.0
N;PA;TUCUMA;A234;-6.7436111;-51.14222221;317.0
N;PA;NOVO REPARTIMENTO;A235;-4.23444444;-49.94277777;106.0
N;PA;CAMETA;A236;-2.2486111;-49.49305555;22.0
N;PA;CONCEICAO DO ARAGUAIA;A241;-8.25916666;-49.27416666;180.0
NE;MA;ALTO PARNAIBA;A223;-9.10805555;-45.93194443;281.0
NE;PB;CABACEIRAS;A348;-7.48333333;-36.28638888;436.0
NE;PE;FLORESTA;A351;-8.5936111;-38.58388888;332.0
NE;RN;CALCANHAR;A344;-5.16;-35.45416666;17.0
N;AM;HUMAITA;A112;-7.92277777;-63.12138888;72.0
N;AM;BARCELOS;A128;-0.95861111;-62.94222221;42.0
N;RO;CACOAL;A939;-11.44583333;-61.43416666;210.0
N;RO;ARIQUEMES;A940;-9.94888888;-62.96194444;140.0
N;TO;DIANOPOLIS;A038;-11.59416666;-46.84722221;732.0
N;TO;FORMOSO DO ARAGUAIA;A039;-11.98722221;-49.60833333;220.0
SE;ES;PRES. KENNEDY;A622;-21.10111111;-41.03888888;80.0
SE;ES;NOVA VENECIA;A623;-18.69527777;-40.4075;154.0
SE;MG;FLORESTAL;A535;-19.88527778;-44.41694444;750.0
SE;MG;IBIRITE (ROLA MOCA);A555;-20.0311111;-44.01111111;1208.0
SE;RJ;SAO TOME;A620;-22.04166666;-41.05194444;8.0
N;RO;VILHENA;A938;-12.73472221;-60.15777777;590.0
S;PR;JAPIRA;A871;-23.77305554;-50.18055554;694.0
S;RS;TRAMANDAI;A834;-30.00972222;-50.13527777;1.0
S;RS;MOSTARDAS;A878;-31.24777777;-50.90555555;10.0
S;SC;DIONISIO CERQUEIRA;A848;-26.28638888;-53.63277777;810.0
NE;BA;UAUA;A435;-9.8336111;-39.49555555;453.0
N;PA;BRAGANCA;A226;-1.04527777;-46.78277777;33.0
SE;SP;BARRA BONITA;A741;-22.37083332;-48.55722222;544.0
SE;SP;BARRA DO TURVO;A746;-24.96305555;-48.41638888;667.0
SE;SP;PRADOPOLIS;A747;-21.33833333;-48.11388888;544.0
SE;SP;ITUVERAVA;A753;-20.35944444;-47.77499999;600.0
S;PR;FOZ DO IGUACU;A846;-25.60194444;-54.48305554;242.0
S;PR;DIAMANTE DO NORTE;A849;-22.63388888;-52.85888888;362.0
S;PR;PARANAPOEMA;A850;-22.49166666;-52.13444444;311.0
S;PR;CIDADE GAUCHA;A869;-23.37583332;-52.93194443;381.0
S;PR;MORRETES;A873;-25.51277777;-48.80861111;59.0
S;PR;GENERAL CARNEIRO;A875;-26.3986111;-51.35444444;1018.0
S;PR;CLEVELANDIA;A876;-26.41722221;-52.34888888;980.0
S;RS;SOLEDADE;A837;-28.85361111;-52.55833333;667.0
S;RS;PALMEIRA DAS MISSOES;A856;-27.92166666;-53.31694443;631.0
S;RS;CANELA;A879;-29.36888888;-50.82749999;830.0
S;RS;VACARIA;A880;-28.51361111;-50.88277777;986.0
S;RS;Santa Vitoria do Palmar - Barra do Chui;A899;-33.74166666;-53.37138888;26.0
S;SC;URUSSANGA;A814;-28.53249999;-49.31555555;48.0
S;SC;SAO JOAQUIM;A815;-28.27555554;-49.93444444;1410.0
S;SC;NOVO HORIZONTE;A816;-26.40694444;-52.85055555;960.0
S;SC;SAO MIGUEL DO OESTE;A857;-26.77666666;-53.50444444;665.0
S;SC;XANXERE;A858;-26.9386111;-52.415;889.0
S;SC;CACADOR;A859;-26.81944443;-50.98555555;952.0
S;SC;CURITIBANOS;A860;-27.2886111;-50.60416666;860.0
S;SC;RIO DO CAMPO;A861;-26.93749999;-50.14638888;592.0
S;SC;RIO NEGRINHO;A862;-26.2486111;-49.58055554;869.0
S;SC;ITUPORANGA;A863;-27.41833332;-49.64666666;484.0
S;SC;Laguna  - Farol de Santa Marta;A866;-28.60416666;-48.81333333;52.0
S;SC;ARARANGUA;A867;-28.93138888;-49.49805555;12.0
NE;BA;VALENCA;A444;-13.3436111;-39.12666666;105.0
NE;BA;IPIAU;A445;-14.17138888;-39.69249999;125.0
NE;BA;BELMONTE;A447;-16.08805555;-39.21555555;88.0
NE;CE;ACARAU;A360;-3.12083332;-40.08694444;76.0
NE;PI;CASTELO DO PIAUI;A361;-5.34916666;-41.51222222;286.0
NE;PI;VALENCA DO PIAUI;A363;-6.39916666;-41.73999999;301.0
NE;PI;GILBUES;A364;-9.87472221;-45.34638888;425.0
N;AC;PORTO WALTER;A136;-8.26694443;-72.74777777;204.0
N;AC;MARECHAL THAUMATURGO;A137;-8.95;-72.78666666;230.0
N;AC;FEIJO;A138;-8.24194444;-70.57527777;163.0
N;AC;EPITACIOLANDIA;A140;-11.0236111;-68.73499999;217.0
NE;BA;ITAPETINGA;A446;-15.24472221;-40.22944443;269.0
NE;PI;SAO PEDRO DO PIAUI;A362;-5.91111111;-42.7186111;287.0
N;TO;ARAGUATINS;A044;-5.6436111;-48.11166666;117.0
N;PA;MARABA;A240;-5.16722221;-49.37916666;116.0
S;RS;SANTIAGO;A833;-29.19138888;-54.88555555;394.0
S;SC;MAJOR VIEIRA;A864;-26.3936111;-50.36333333;808.0
CO;GO;SILVANIA;A037;-16.67694443;-48.61805554;949.0
CO;MS;AGUA CLARA;A756;-20.44444444;-52.87555554;338.0
NE;PE;OURICURI;A366;-7.88472221;-40.10111111;464.0
NE;PI;CANTO DO BURITI;A365;-8.11777777;-42.00888888;308.0
NE;RN;SANTA CRUZ;A367;-6.22777777;-36.02638888;237.0
N;PA;MINA DO PALITO;A246;-6.31972221;-55.78722221;261.0
N;RR;BOA VISTA;A135;2.81694443;-60.69083333;94.0
SE;MG;MANHUACU;A556;-20.26361111;-42.18277777;836.0
SE;RJ;NOVA FRIBURGO;A624;-22.33305554;-42.67722221;1046.0
SE;SP;BARRETOS;A748;-20.55888888;-48.54472221;533.0
S;RS;DOM PEDRITO;A881;-31.0025;-54.61805554;150.0
S;SC;ITAJAI;A868;-26.95083333;-48.76194444;18.0
CO;MS;BELA VISTA;A757;-22.10083333;-56.53999999;208.0
CO;MS;JARDIM;A758;-21.47833332;-56.13694444;249.0
CO;MT;ALTO ARAGUAIA;A909;-17.33944444;-53.22416666;753.0
N;AM;MANICORE;A133;-5.81055555;-61.29194444;71.0
N;AM;S. G. DA CACHOEIRA;A134;-0.12499999;-67.06111111;90.0
N;PA;CAPITAO POCO;A248;-1.73472221;-47.0575;81.0
SE;ES;AFONSO CLAUDIO;A657;-20.10416666;-41.10694444;520.0
SE;SP;BARUERI;A755;-23.52333332;-46.86916666;791.0
S;PR;VENTANIA;A872;-24.23833333;-50.24555555;1106.0
S;PR;SAO MATEUS DO SUL;A874;-25.83499999;-50.3686111;788.0
CO;MS;COSTA RICA;A760;-18.82277777;-53.26722221;730.0
CO;MS;SONORA;A761;-17.89638888;-54.45361111;486.0
CO;MT;CACERES;A941;-16.07444443;-57.69277777;116.0
N;AM;EIRUNEPE;A109;-6.65027777;-69.86694443;143.0
N;PA;MONTE ALEGRE;A239;-2.0;-54.07583332;96.0
N;TO;MATEIROS;A040;-10.42999999;-45.91999999;798.0
N;TO;MARIANOPOLIS DO TO;A041;-9.57666666;-49.72333332;203.0
N;TO;CAMPOS LINDOS;A043;-8.15472222;-46.63916666;425.0
SE;MG;CORONEL PACHECO;A557;-21.54694444;-43.26111111;431.0
N;PA;OBIDOS;A232;-5.36583333;-49.12527777;96.0
S;RS;TEUTONIA;A882;-29.45027777;-51.82416666;81.0
S;RS;IBIRUBA;A883;-28.65333333;-53.11194444;456.0
CO;GO;IPORA;A028;-16.42305554;-51.14805555;625.0
CO;MS;BATAGUASSU;A759;-21.75138888;-52.47055554;387.0
N;AP;MACAPA;A249;0.03527777;-51.0886111;27.0
SE;MG;BELO HORIZONTE - CERCADINHO;F501;-19.97999999;-43.95861111;1214.0
S;RS;CAMPO BOM;A884;-29.67444443;-51.06416666;24.0
CO;DF;GAMA (PONTE ALTA);A046;-15.93527777;-48.13749999;990.0
S;SC;LAGES;A865;-27.80222222;-50.33555555;955.0
NE;BA;CURACA;A448;-9.00138888;-39.91277777;370.0
NE;BA;JEREMOABO;A450;-10.08083332;-38.34583333;261.0
N;AC;CRUZEIRO DO SUL;A108;-7.61055555;-72.405;220.0
N;PA;SANTAREM;A250;-2.50277777;-54.72027777;137.0
N;TO;SANTA ROSA DO TOCANTINS;A052;-11.04638888;-48.18555555;306.0
N;TO;ARAGUACU;A054;-12.59222221;-49.5286111;231.0
SE;MG;SAO SEBASTIAO DO PARAISO;A561;-20.91;-47.11416666;845.0
SE;RJ;SILVA JARDIM;A659;-22.64583333;-42.41583333;19.0
SE;RJ;SAQUAREMA;A667;-22.8711111;-42.60916666;16.0
NE;BA;PILAO ARCADO;A449;-10.00222222;-42.47333332;400.0
NE;BA;FORMOSO DO RIO PRETO;A452;-11.05222222;-45.20083333;488.0
NE;BA;MACAUBAS;A454;-13.03888888;-42.61722221;574.0
NE;BA;ITAMARAJU;A455;-17.00722222;-39.55138888;110.0
NE;MA;SAO BENTO;S108;-2.7;-44.85;0.0
N;AM;PEF IPIRANGA;S102;-2.93055554;-69.69527777;0.0
N;AM;CRMN MANAUS;S103;-3.02249999;-60.05555555;0.0
N;AM;DTCEA TABATINGA;S105;-4.25055555;-69.93499999;0.0
N;AM;PEF YAUARETE;S115;0.59944444;-69.19194444;0.0
N;AM;DTCEA TEFE;S117;-3.37722221;-64.72305554;0.0
N;AM;SANTA ISABEL DO RIO NEGRO;S121;-0.41444444;-65.01749999;0.0
N;PA;SAO FELIX DO XINGU;A216;-6.63972221;-51.95694444;211.0
N;PA;XINGUARA;A247;-7.11027777;-49.92583332;245.0
N;PA;DOM ELISEU;S107;-4.28999999;-47.55;0.0
N;PA;DTCEA JACAREACANGA;S120;-6.23722221;-57.77499999;0.0
N;RO;FORTE PRINCIPE;S101;-12.42999999;-64.41999999;0.0
N;RO;DTCEA VILHENA;S104;-12.75055555;-60.14916666;0.0
N;RO;DTCEA GUAJARA-MIRIM;S110;-10.78999999;-65.33277777;0.0
N;RR;BALIZA;S113;0.94777777;-59.74638888;0.0
N;TO;SANTA FE DO ARAGUAIA;A048;-7.12416666;-48.78138888;171.0
N;TO;COLINAS DO TOCANTINS;A049;-8.09277777;-48.4786111;200.0
N;TO;RIO SONO;A050;-9.16;-47.13277777;291.0
N;TO;PIUM;A051;-10.47694443;-49.62944443;161.0
N;TO;ALMAS;A053;-11.28416666;-47.21222222;512.0
N;TO;LAGOA DA CONFUSAO;A055;-10.80833333;-49.84777777;178.0
N;AM;PEF ESTIRAO DO EQUADOR;S116;-4.52999999;-71.61749999;0.0
N;PA;ULIANOPOLIS;S111;-3.8;-47.51;0.0
N;RR;PACARAIMA;S114;4.47749999;-61.14916666;0.0
SE;MG;JANUARIA;A559;-15.44805555;-44.36638888;480.0
SE;MG;JANAUBA;A563;-15.80277777;-43.29694444;532.0
SE;MG;BAMBUI;A565;-20.0311111;-46.00861111;697.0
SE;MG;EB_PEF_BONFIM;S122;3.35888888;-59.82388888;0.0
SE;RJ;TRES RIOS;A625;-22.09833333;-43.20861111;305.0
SE;RJ;RIO CLARO;A626;-22.65361111;-44.04083333;516.0
SE;SP;DRACENA;A762;-21.45777777;-51.55222222;383.0
SE;MG;SETE LAGOAS;A569;-19.455;-44.17333332;719.0
SE;SP;BEBDOURO;A764;-20.94916666;-48.48972221;590.0
S;RS;SERAFINA CORREA;A894;-28.70472222;-51.87055554;545.0
S;PR;CAMPINA DA LAGOA;B803;-24.57083332;-52.8025;592.0
S;PR;LARANJEIRAS DO SUL;B804;-25.36888888;-52.39194444;835.0
S;PR;COLOMBO;B806;-25.32222221;-49.1575;950.0
S;RS;TUPANCIRETA;A886;-29.89388888;-53.82666666;462.0
S;RS;SAO VICENTE DO SUL;A889;-29.70194444;-54.69416666;134.0
S;RS;CAMBARA DO SUL;A897;-29.04888888;-50.14944444;1017.0
S;SC;RANCHO QUEIMADO;A870;-27.6786111;-49.04194444;881.0
CO;DF;BRAZLANDIA;A042;-15.59972221;-48.1311111;1143.0
CO;DF;PARANOA (COOPA-DF);A047;-16.01111111;-47.5575;1043.0
CO;GO;SAO MIGUEL DO ARAGUAIA;A031;-12.81972221;-50.34166666;340.0
CO;GO;EDEIA;A029;-17.33694444;-49.91472222;608.0
CO;MT;SAPEZAL;A911;-10.16583333;-59.45111111;105.0
CO;MT;PRIMAVERA DO LESTE;A923;-15.57999999;-54.3811111;680.0
NE;AL;PIRANHAS;A371;-9.62222221;-37.76722221;187.0
NE;PE;SALGUEIRO;A370;-8.05805555;-39.0961111;447.0
NE;RN;IPANGUACU;A372;-5.53499999;-36.87222221;19.0
NE;PB;ITAPORANGA;A373;-7.3186111;-38.14083333;292.0
NE;SE;ITABAIANA;A451;-10.67166666;-37.47138888;213.0
NE;SE;NOSSA SENHORA DA GLORIA;A453;-10.20777777;-37.43194443;271.0
N;AP;ITAUBAL;A251;0.56777777;-50.8236111;21.0
N;PA;BREVES;A228;-1.68027777;-50.47805554;11.0
SE;ES;ECOPORANGA;A631;-18.29166666;-40.73638888;224.0
SE;ES;VENDA NOVA DO IMIGRANTE;A633;-20.25222222;-41.18999999;722.0
SE;ES;VILA VELHA;A634;-20.46694443;-40.40416666;25.0
SE;MG;PATOS DE MINAS;A562;-18.52055554;-46.44055555;950.0
SE;MG;DIVINOPOLIS;A564;-20.17305554;-44.87472221;796.0
SE;MG;ARACUAI;A566;-16.84888888;-45.03527777;308.0
SE;MG;MACHADO;A567;-21.68083332;-45.94444444;969.0
SE;MG;OLIVEIRA;A570;-20.71472222;-44.86444444;1025.0
SE;RJ;ITATIAIA;A635;-22.37388888;-44.70305555;2450.0
SE;RJ;RIO DE JANEIRO - JACAREPAGUA;A636;-22.93972221;-43.40277777;20.0
SE;ES;MARILANDIA;A632;-19.40722222;-40.53972221;95.0
SE;MG;UBERABA;A568;-19.71;-47.96166666;778.0
SE;RJ;ANGRA DOS REIS;A628;-22.97583332;-44.30333333;6.0
SE;SP;BRAGANCA PAULISTA;A744;-23.95194444;-46.53055554;891.0
SE;SP;MARILIA;A763;-22.23527777;-49.965;660.0
SE;SP;BERTIOGA;A765;-23.84499999;-46.14305555;5.0
SE;SP;REGISTRO;A766;-24.53305554;-47.86416666;35.0
SE;SP;SAO SEBASTIAO;A767;-23.81083333;-45.4025;24.0
SE;SP;CACHOEIRA PAULISTA;A769;-22.68888888;-45.00555555;586.0
SE;SP;TUPA;A768;-21.92722221;-50.49027777;498.0
CO;GO;PORANGATU;A005;-13.51444444;-49.19833333;365.5
CO;GO;CRISTALINA (FAZENDA SANTA MONICA);A056;-16.39944444;-47.62583332;932.0
CO;MS;CAMAPUA;S707;-19.58749999;-54.02999999;540.0
CO;MS;ANGELICA;S701;-22.14805555;-53.76361111;347.0
CO;MS;ARAL MOREIRA;S702;-22.955;-55.6261111;605.0
CO;MS;BANDEIRANTES;S703;-19.94555555;-54.3686111;624.0
CO;MS;BONITO;S704;-21.24666666;-56.45055555;329.0
CO;MS;BRASILANDIA;S705;-21.29833333;-52.06888888;345.0
CO;MS;CAARAPO;S706;-22.65694444;-54.81944443;454.0
CO;MS;FATIMA DO SUL;S708;-22.30861111;-54.32583332;340.0
CO;MS;IGUATEMI;S709;-23.64444444;-54.57027777;319.0
CO;MS;ITAPORA;S710;-22.09277777;-54.79888888;360.0
CO;MS;LAGUNA CARAPA;S711;-22.57527777;-55.16027777;499.0
CO;MS;NOVA ALVORADA DO SUL;S712;-21.45111111;-54.34194444;5.0
CO;MS;NOVA ANDRADINA;S713;-22.0786111;-53.46583333;372.0
CO;MS;PEDRO GOMES;S714;-18.07277777;-54.54888888;251.0
CO;MS;RIBAS DO RIO PARDO;S715;-20.46666666;-53.76305555;436.0
CO;MS;SANTA RITA DO PARDO;S716;-21.30583333;-52.82027777;383.0
CO;MS;SELVIRIA;S717;-20.35138888;-51.43027777;374.0
NE;BA;SALVADOR (RADIO FAROL);A456;-12.80833333;-38.49583333;31.0
NE;BA;RIBEIRA DO AMPARO;A458;-11.05861111;-38.44416666;182.0
NE;CE;TIANGUA;A368;-3.73222221;-41.01194444;756.0
NE;CE;QUIXADA;A369;-4.97888888;-39.05722222;193.0
NE;PI;CORRENTE;A374;-10.42916666;-45.17305554;452.0
NE;PI;CAMPO MAIOR;A376;-4.86416666;-42.14555555;125.0
N;PA;DOM ELISEU;A252;-4.28055554;-47.56388888;251.0
N;PA;ALTAMIRA;A253;-3.27027777;-52.39472221;191.0
NE;PI;BAIXA GRANDE DO RIBEIRO;A375;-8.33749999;-45.09472221;519.0
SE;MG;PARACATU;A571;-17.24416666;-46.88166666;712.0
SE;RJ;NITEROI;A627;-22.86749999;-43.10194444;6.0
SE;RJ;CARMO;A629;-21.9386111;-42.60083333;293.0
SE;RJ;SANTA MARIA MADALENA;A630;-21.95055555;-42.01055555;517.0
SE;SP;SAO PAULO - INTERLAGOS;A771;-23.72472221;-46.67805554;771.0
S;RS;ENCRUZILHADA DO SUL;A893;-30.54305555;-52.52472221;427.75
CO;MT;SAO JOSE DO XINGU;A942;-10.48416666;-52.37249999;300.0
CO;MT;SERRA NOVA DOURADA;A943;-11.98777777;-51.4261111;441.0
CO;MT;ROSARIO OESTE;A944;-14.82888888;-56.44194444;195.0
NE;MA;ZE DOCA;A255;-3.26916666;-45.65111111;45.5
NE;PI;ANGICAL DO PIAUI;A377;-6.08944444;-42.72749999;183.0
N;AM;NOVO ARIPUANA;A144;-8.0911111;-60.38055554;45.0
N;AP;PORTO GRANDE;A244;0.69444444;-51.40416666;84.0
N;PA;REDENCAO;A254;-8.04333333;-50.00694444;199.0
SE;SP;SAO SIMAO;A770;-21.46111111;-47.57944443;620.0
S;PR;GOIOERE;A825;-24.15833333;-53.03055554;452.34
S;RS;CAPAO DO LEAO (PELOTAS);A887;-31.8025;-52.40722222;13.0
S;SC;CHAPECO;A895;-27.95527777;-52.63555555;680.0
S;SC;CAMPOS NOVOS;A898;-27.3886111;-51.21583333;963.0
